Selected 2026 market sanity checks,,,
Cluster / idea,What the current products indicate,Official URL,Portfolio implication
Agentic startup foundry,Buildpad already spans idea validation and guided startup execution.,https://buildpad.io/,"Differentiate through portfolio management, sourced evidence, approvals and long-running venture state."
Idea validation,DimeADozen focuses on sourced validation reports and explicit build/don't-build decisions.,https://www.dimeadozen.ai/,A score alone is not enough; provenance and concrete next experiments matter.
Business planning,"IdeaBuddy and Upmetrics combine validation, planning and financial outputs.",https://ideabuddy.com/,Avoid competing only on generated business plans.
Agent execution,Gumloop provides AI agents and automation for work.,https://www.gumloop.com/,The foundry should own startup-specific state and approvals rather than generic automation.
AI governance,"Credo AI, ModelOp and Holistic AI already serve enterprise governance.",https://www.credo.ai/,A smaller-team evidence-readiness wedge is more credible than a broad governance suite.
Experiment tracking,"MLflow records runs, parameters, metrics and artifacts.",https://mlflow.org/,"The opportunity is reasoning, decisions and coverage above existing tracking."
Job applications,Simplify and JobCopilot already automate tailoring and application workflows.,https://simplify.jobs/,A specialist quality-first job pipeline needs a sharper niche.
Website monitoring,"Visualping, Hexowatch and Browse AI monitor page changes.",https://visualping.io/,Vertical decision workflows are more defensible than generic alerts.
AI study tools,"Quizgecko, Quizlet, Knowt and NotebookLM already generate study material.",https://quizgecko.com/,Differentiate through curriculum structure and adaptive study execution.
Personal knowledge,"Notion, Obsidian and Tana are mature knowledge tools.",https://tana.inc/,Generic second-brain products are low priority without a specific workflow.
Physiotherapy software,"Cliniko, Jane and Zanda already cover practice operations.",https://www.cliniko.com/,A local workflow or integration wedge is mandatory.
Wound monitoring,Swift Medical and Healthy.io offer clinical wound imaging and tracking.,https://swiftmedical.com/,Consumer diagnosis is unrealistic; clinician-reviewed progress workflows are safer.
AI video editing,Runway and established editors already provide powerful AI workflows.,https://runwayml.com/,Choose one repeated editing bottleneck and customer segment.
Indoor navigation,Pointr and Mappedin provide venue-scale indoor mapping and wayfinding.,https://www.pointr.tech/,Pilot with manually maintained maps before positioning infrastructure.
Life-story products,Storyworth and Remento already turn memories into books and recordings.,https://www.remento.co/,A multilingual premium service is a more credible initial wedge.
Layout-sensitive translation,"Immersive Translate supports web, image and comic translation.",https://immersivetranslate.com/,"A publisher workflow with editing, terminology and rights is more defensible than a reader overlay."